1,Fabe,Burburough,8 Sheridan Lane,fburburough0@ihg.com,678-472-9510
2,Basilius,Booeln,671 Stephen Circle,bbooeln1@skype.com,987-902-4702
3,Lia,Gehrels,35 Troy Trail,lgehrels2@slashdot.org,734-381-2149
4,Jerad,Gebby,232 Thackeray Crossing,jgebby3@constantcontact.com,541-271-2092
5,Delilah,Rushbrooke,383 4th Way,drushbrooke4@google.ru,731-557-2826
6,Shay,McMeeking,10 Grim Lane,smcmeeking5@acquirethisname.com,532-381-9894
7,Dianemarie,Rennebeck,49 Lien Terrace,drennebeck6@myspace.com,265-268-9188
8,Aguie,Vanni,80 Jenna Street,avanni7@histats.com,208-937-8640
9,Staffard,Gregorowicz,7981 Bunker Hill Court,sgregorowicz8@fema.gov,689-560-8486
10,Ronny,Simkovitz,6 Blue Bill Park Center,rsimkovitz9@ted.com,598-176-2568
11,Eamon,Karus,18 Hauk Road,ekarusa@fastcompany.com,825-123-9261
12,Shannah,Ruecastle,06 Caliangt Parkway,sruecastleb@springer.com,534-398-4044
13,Bordy,Welbrock,46357 Montana Street,bwelbrockc@about.com,766-632-0589
14,Cesare,Wrotham,0 Grim Place,cwrothamd@nps.gov,386-835-8161
15,Andras,Sharram,7638 Kedzie Point,asharrame@ehow.com,162-791-0708
16,Nertie,O'Kinedy,0 Maywood Park,nokinedyf@fema.gov,240-151-7760
17,Emmalynn,Shenton,8 School Parkway,eshentong@ning.com,376-417-4084
18,Alie,Wayvill,4 Nobel Plaza,awayvillh@a8.net,257-573-2808
19,Wyndham,Milsted,8759 Weeping Birch Lane,wmilstedi@nydailynews.com,266-527-7121
20,Audry,Piccop,2 Logan Circle,apiccopj@paypal.com,818-819-8836
21,Shaylah,Stains,74104 Algoma Lane,sstainsk@dell.com,994-534-9633
22,Ursa,Tilby,18787 Shopko Lane,utilbyl@telegraph.co.uk,955-323-5901
23,Carolus,Skahill,9 Green Ridge Center,cskahillm@buzzfeed.com,719-878-2388
24,Sherrie,Blinckhorne,33231 High Crossing Road,sblinckhornen@mozilla.com,213-687-3381
25,Guglielmo,Georges,80857 Merchant Lane,ggeorgeso@prlog.org,998-442-2924
26,Land,Ullyatt,04066 Arapahoe Road,lullyattp@amazonaws.com,262-524-4226
27,Broddy,Giraudot,4975 Rieder Parkway,bgiraudotq@elpais.com,298-209-0632
28,Jeri,Quinlan,29 Victoria Pass,jquinlanr@bandcamp.com,889-517-7889
29,Gilberto,Cuel,8950 Haas Place,gcuels@sbwire.com,648-177-4954
30,Moyra,Cockrill,8 Fallview Drive,mcockrillt@whitehouse.gov,172-480-8112
31,Richardo,Paolino,3784 Manitowish Drive,rpaolinou@acquirethisname.com,743-939-7595
32,Angele,Payn,64566 Debs Circle,apaynv@rambler.ru,575-442-8545
33,Gerladina,Swales,20 Hansons Street,gswalesw@harvard.edu,154-536-3687
34,Raul,Himsworth,57954 Southridge Terrace,rhimsworthx@hp.com,966-339-2357
35,Dicky,Fearfull,035 Northland Center,dfearfully@fc2.com,633-166-8019
36,Jillene,Deas,19710 Huxley Pass,jdeasz@plala.or.jp,725-284-6298
37,Stormie,Trangmar,31806 Atwood Center,strangmar10@usda.gov,975-258-9913
38,Vina,Franke,8 Clove Crossing,vfranke11@uol.com.br,756-973-5496
39,Mitchael,Marti,01 Golden Leaf Crossing,mmarti12@marriott.com,958-309-3312
40,Dulce,Jellis,43948 Fair Oaks Place,djellis13@nyu.edu,221-134-2939
41,Bibbye,Edmott,96 Carey Center,bedmott14@sohu.com,351-866-0026
42,Vida,Raggles,2 Badeau Crossing,vraggles15@tinypic.com,880-527-0644
43,Merv,Aistrop,9 Westend Pass,maistrop16@tiny.cc,239-354-2000
44,Matilda,LAbbet,349 Hoffman Center,mlabbet17@cnbc.com,625-696-5146
45,Deloria,Spadeck,60 Mccormick Junction,dspadeck18@wikipedia.org,127-379-3207
46,Dodi,Neljes,7813 Ridgeview Hill,dneljes19@cbc.ca,834-381-7544
47,Claudia,Rixon,68 Garrison Circle,crixon1a@123-reg.co.uk,828-830-9509
48,Sinclare,Shotton,6155 Mesta Avenue,sshotton1b@tripadvisor.com,811-529-4885
49,Jaynell,Fradson,9 Coleman Crossing,jfradson1c@goo.gl,213-104-4078
50,Maridel,Broose,36 Dunning Plaza,mbroose1d@independent.co.uk,458-907-9636
51,Helyn,Bocock,56752 Elka Crossing,hbocock1e@shareasale.com,508-668-1922
52,Julietta,Romeuf,3266 Northfield Way,jromeuf1f@homestead.com,768-145-0235
53,Jerad,Filchakov,3 Claremont Court,jfilchakov1g@ox.ac.uk,828-813-3224
54,Aubrey,McAlester,669 Northfield Place,amcalester1h@gmpg.org,650-584-6126
55,Karolina,Primak,62510 Vidon Point,kprimak1i@loc.gov,452-521-4267
56,Stephine,Stapells,34 Hermina Plaza,sstapells1j@weibo.com,552-806-7666
57,Brand,Bonham,439 Northview Alley,bbonham1k@geocities.jp,181-279-5440
58,Shani,Derrick,64329 Old Gate Pass,sderrick1l@bravesites.com,790-792-7872
59,Jackelyn,Ryce,615 Center Avenue,jryce1m@vinaora.com,834-864-8021
60,Ardis,Owain,213 Dayton Park,aowain1n@mayoclinic.com,758-893-2048
61,Delmar,Matthisson,2 Farragut Junction,dmatthisson1o@chicagotribune.com,334-103-7854
62,Corrie,Chettle,6 Graedel Park,cchettle1p@dropbox.com,185-478-9237
63,Richmound,Castellone,96 Dixon Trail,rcastellone1q@jiathis.com,826-783-3665
64,Wilmer,Hischke,62423 Truax Road,whischke1r@wordpress.com,243-161-8958
65,Valentine,Cracoe,21312 Eastwood Junction,vcracoe1s@wikia.com,509-674-4395
66,Karil,Sweetmore,98 Hermina Trail,ksweetmore1t@w3.org,809-373-3720
67,Eddy,Rohmer,7 Dovetail Junction,erohmer1u@simplemachines.org,259-450-2673
68,Atalanta,Roakes,34828 Morningstar Park,aroakes1v@themeforest.net,145-548-3198
69,Bathsheba,Ruffli,4571 6th Road,bruffli1w@vimeo.com,322-555-0055
70,Caroljean,Thorn,63 Darwin Parkway,cthorn1x@cornell.edu,611-460-5650
71,Harold,Paladini,4611 Bonner Trail,hpaladini1y@google.de,989-151-2624
72,Garth,Fones,07 Lien Trail,gfones1z@cbsnews.com,219-932-0210
73,Rob,Tregale,04 Debra Junction,rtregale20@bing.com,148-471-1717
74,Malena,Jelkes,89 Waubesa Lane,mjelkes21@hp.com,860-250-6298
75,Rriocard,Gowenlock,8254 Delladonna Center,rgowenlock22@illinois.edu,167-285-2380
76,Emelita,Readwood,9002 Veith Center,ereadwood23@opera.com,805-880-8843
77,Bertha,O'Hare,27621 Dennis Crossing,bohare24@instagram.com,930-893-7093
78,Marvin,Geddis,287 Mayer Plaza,mgeddis25@ustream.tv,171-266-7760
79,Jennette,Kevlin,223 Mockingbird Point,jkevlin26@plala.or.jp,530-493-6113
80,Melicent,Hackford,82041 Oakridge Way,mhackford27@g.co,706-139-5019
81,Tanney,Burke,222 Haas Crossing,tburke28@wunderground.com,228-142-5468
82,Craig,Haberjam,2527 Michigan Avenue,chaberjam29@gizmodo.com,339-288-2426
83,Brannon,Burditt,218 Sherman Crossing,bburditt2a@timesonline.co.uk,950-385-4096
84,Olva,Kelshaw,1 Elgar Pass,okelshaw2b@deviantart.com,709-947-4225
85,Bev,Barok,5273 Ruskin Hill,bbarok2c@qq.com,544-651-9197
86,Misha,Bellfield,68898 Pierstorff Pass,mbellfield2d@webnode.com,554-166-2893
87,Selestina,Verbrugge,119 Hoard Terrace,sverbrugge2e@loc.gov,969-382-1667
88,Fredric,Morphet,7 Dorton Way,fmorphet2f@gov.uk,611-991-8790
89,Edwina,Roblett,9 Dayton Avenue,eroblett2g@godaddy.com,928-761-2575
90,Cam,Stayt,04 Ridge Oak Park,cstayt2h@shop-pro.jp,126-673-6941
91,Hubey,Fletcher,0304 Ohio Hill,hfletcher2i@irs.gov,571-473-5675
92,Rosabel,Saura,75612 Susan Center,rsaura2j@edublogs.org,243-173-2979
93,Queenie,Stuffins,7 Hoepker Junction,qstuffins2k@newsvine.com,796-227-3789
94,Coralie,Arnholdt,7 Nancy Street,carnholdt2l@meetup.com,334-717-5840
95,Lief,Jakubovski,86 3rd Circle,ljakubovski2m@seesaa.net,734-759-1966
96,Levi,Wemes,121 Union Plaza,lwemes2n@businesswire.com,645-730-1778
97,Neddie,Robilliard,8 Jenifer Road,nrobilliard2o@yolasite.com,746-412-8238
98,Janel,Melan,890 Summer Ridge Road,jmelan2p@flickr.com,373-415-2975
99,Buckie,Josowitz,18776 Rusk Lane,bjosowitz2q@google.nl,579-170-4496
100,Kimmie,Struijs,238 Browning Plaza,kstruijs2r@istockphoto.com,373-427-3050
101,Vick,MacEnelly,94 Lindbergh Drive,vmacenelly2s@dailymail.co.uk,408-839-4109
102,Niki,MacAndie,89 Welch Court,nmacandie2t@nationalgeographic.com,653-818-9169
103,Vince,Salway,5 Stephen Center,vsalway2u@ovh.net,947-646-3093
104,Janette,Vreiberg,9284 Forest Lane,jvreiberg2v@howstuffworks.com,677-505-3321
105,Rubie,Gritton,29405 Pearson Crossing,rgritton2w@ycombinator.com,129-186-6717
106,Arman,Basketfield,9047 Sachs Parkway,abasketfield2x@wsj.com,806-703-7000
107,Tucky,Simcoe,45 Merrick Hill,tsimcoe2y@si.edu,187-799-0692
108,Darryl,Amorts,751 Esch Drive,damorts2z@lulu.com,873-376-3189
109,Elna,Powlesland,1258 Little Fleur Trail,epowlesland30@bbb.org,706-642-2252
110,Price,Meredyth,846 American Ash Lane,pmeredyth31@marriott.com,281-822-2736
111,Addia,Card,1 Twin Pines Road,acard32@omniture.com,307-907-3784
112,Tristam,Hawksley,6856 Summer Ridge Way,thawksley33@dell.com,222-179-7239
113,Mickie,Sedgman,550 Becker Crossing,msedgman34@csmonitor.com,369-749-8270
114,Daloris,Orht,1 Brickson Park Circle,dorht35@imdb.com,495-417-6526
115,Oralie,McDoual,4 Talisman Crossing,omcdoual36@marketwatch.com,585-936-5300
116,Madeline,Boord,72140 Coleman Trail,mboord37@51.la,298-797-7008
117,Deb,Abraham,61 Arkansas Road,dabraham38@illinois.edu,610-808-8197
118,Margareta,Bligh,16 Lien Crossing,mbligh39@over-blog.com,765-608-6727
119,Cole,McGlaughn,378 Beilfuss Trail,cmcglaughn3a@google.co.jp,333-872-1400
120,Jessalin,Heinig,9010 Anzinger Hill,jheinig3b@cnn.com,620-781-4357
121,Leopold,Hafner,2751 Mendota Drive,lhafner3c@nationalgeographic.com,850-880-2411
122,Clare,Deluce,76899 Walton Crossing,cdeluce3d@timesonline.co.uk,178-456-7324
123,Christyna,Dannohl,8 Milwaukee Crossing,cdannohl3e@tripod.com,541-728-7270
124,Ransell,Antonutti,90061 Kensington Plaza,rantonutti3f@chicagotribune.com,327-494-0847
125,Welbie,Durman,4 Heffernan Terrace,wdurman3g@about.me,326-174-6648
126,Yetty,Kincaid,08 Division Center,ykincaid3h@cnbc.com,350-772-1592
127,Royce,Lydiate,59 Butternut Court,rlydiate3i@macromedia.com,510-832-6877
128,Hi,Speek,92 Hayes Point,hspeek3j@sogou.com,360-338-5819
129,Vale,Rosoman,1 Calypso Street,vrosoman3k@digg.com,219-912-9419
130,Sean,Butson,4 Charing Cross Park,sbutson3l@yale.edu,604-684-3172
131,Elfrida,de Chastelain,53 Erie Parkway,edechastelain3m@scribd.com,270-288-3271
132,Harman,Torr,2 Linden Point,htorr3n@youtu.be,434-931-9491
133,Berkeley,Schoular,0 Messerschmidt Center,bschoular3o@craigslist.org,933-381-6413
134,Erroll,Shortan,67013 Melvin Drive,eshortan3p@ucla.edu,762-544-7465
135,Celestine,Witsey,636 Spenser Point,cwitsey3q@hp.com,655-635-3167
136,Beck,Woolvin,5861 Gina Hill,bwoolvin3r@boston.com,844-920-5228
137,Franky,Harvison,8 Rowland Pass,fharvison3s@artisteer.com,308-576-2751
138,Chandler,Tullett,01 Lakewood Gardens Lane,ctullett3t@bizjournals.com,351-836-7032
139,Jany,Burfield,6839 Village Green Hill,jburfield3u@sitemeter.com,819-396-2393
140,Parker,Simpson,2007 New Castle Pass,psimpson3v@blogger.com,926-408-7691
141,Jule,Deards,11 Northwestern Hill,jdeards3w@google.com.br,262-586-5378
142,Misty,Showell,3403 Holmberg Plaza,mshowell3x@surveymonkey.com,137-480-3650
143,Olwen,Alywin,9049 Parkside Circle,oalywin3y@yandex.ru,477-587-7609
144,Leanor,Breitler,81 Corscot Avenue,lbreitler3z@t.co,740-960-2258
145,Mina,Cellone,6 Stuart Junction,mcellone40@army.mil,899-573-9140
146,Alisun,Lawly,466 Clove Trail,alawly41@dell.com,472-764-6084
147,Gennifer,Creed,49731 Stephen Crossing,gcreed42@spiegel.de,488-594-5949
148,Lauren,Milnes,061 Buhler Parkway,lmilnes43@tuttocitta.it,289-482-1655
149,Ive,Drinkale,8227 Elka Road,idrinkale44@mayoclinic.com,847-566-2332
150,Thatcher,Holtham,9 Bellgrove Parkway,tholtham45@cocolog-nifty.com,199-979-3578
151,Denyse,Ainsbury,4 Lake View Trail,dainsbury46@state.tx.us,617-343-6179
152,Eloise,Rignold,6 Hauk Alley,erignold47@pbs.org,486-202-3304
153,Florida,Flahive,09 Westend Terrace,fflahive48@independent.co.uk,712-731-9694
154,Demetris,Ritson,390 Sycamore Alley,dritson49@purevolume.com,312-854-0193
155,Marian,Willavoys,1 Schmedeman Court,mwillavoys4a@google.com.hk,708-778-2282
156,Ethelda,Antognetti,5222 Larry Plaza,eantognetti4b@artisteer.com,394-583-4704
157,Lian,Fevier,43192 Scoville Point,lfevier4c@linkedin.com,793-272-3037
158,Willow,Haughin,38 Mallard Park,whaughin4d@dailymail.co.uk,202-354-2809
159,Kinsley,Roath,7 Delladonna Point,kroath4e@prnewswire.com,534-136-8849
160,Koenraad,Dudhill,7860 Oxford Trail,kdudhill4f@toplist.cz,260-302-0445
161,Erhart,Dibble,5096 Kipling Lane,edibble4g@sogou.com,439-191-5265
162,Lauretta,Conew,84765 Sommers Drive,lconew4h@feedburner.com,225-926-6950
163,Roderic,Cawthorne,663 Magdeline Alley,rcawthorne4i@desdev.cn,798-221-8258
164,Ainslee,Emanuelli,404 Graceland Plaza,aemanuelli4j@goo.gl,647-365-1417
165,Norrie,McKellar,62767 East Center,nmckellar4k@mit.edu,567-335-8753
166,Brian,Downing,1 Vermont Park,bdowning4l@webeden.co.uk,936-839-8297
167,Belia,Calken,54245 Warner Way,bcalken4m@spiegel.de,444-183-8467
168,Irv,Langlands,76 Forster Avenue,ilanglands4n@shop-pro.jp,792-451-9659
169,Jocelin,Braxton,000 Eggendart Junction,jbraxton4o@dropbox.com,280-282-5743
170,Olympia,Troctor,0 Straubel Terrace,otroctor4p@mac.com,639-360-1859
171,Franky,Kittredge,4 Mosinee Trail,fkittredge4q@typepad.com,299-735-2465
172,Noach,Ulster,8030 Packers Road,nulster4r@flavors.me,179-185-3926
173,Jakie,Draysay,13 Northland Point,jdraysay4s@cisco.com,275-602-3857
174,Hazel,Nalder,21353 8th Park,hnalder4t@hugedomains.com,629-427-5571
175,Davine,Gilhouley,9 Rowland Park,dgilhouley4u@samsung.com,821-174-0621
176,Lazare,Thurby,43 Boyd Court,lthurby4v@springer.com,435-105-1518
177,Lexie,Keavy,03947 Drewry Way,lkeavy4w@github.io,509-954-0987
178,Hillary,Uttley,885 Judy Drive,huttley4x@wikia.com,219-355-9229
179,Reba,Issacof,188 Judy Place,rissacof4y@ebay.com,150-615-4389
180,Des,Kiernan,432 School Circle,dkiernan4z@unblog.fr,625-785-4294
181,Kassie,Chess,702 Ramsey Circle,kchess50@lulu.com,792-117-8268
182,Domenic,Moine,20903 Weeping Birch Street,dmoine51@army.mil,364-881-9043
183,Freda,Corrigan,518 Comanche Avenue,fcorrigan52@imdb.com,895-154-1455
184,Dyna,MacDwyer,26385 Huxley Parkway,dmacdwyer53@arizona.edu,387-321-0660
185,Maighdiln,Kohnen,497 Hanover Drive,mkohnen54@tripod.com,993-449-3082
186,Howie,Balasin,283 Lillian Hill,hbalasin55@hhs.gov,606-726-1359
187,Barnabe,Hatfield,59693 Surrey Court,bhatfield56@answers.com,362-567-7591
188,Alonso,Korejs,3010 Maple Crossing,akorejs57@pagesperso-orange.fr,445-642-9893
189,Brnaby,Merry,387 Anniversary Terrace,bmerry58@freewebs.com,595-719-3938
190,Lulu,Mattia,90 Mesta Center,lmattia59@sun.com,821-959-5344
191,Melisent,Manchester,9201 Hagan Drive,mmanchester5a@prnewswire.com,468-871-9292
192,Veradis,Crimes,08 Bunker Hill Court,vcrimes5b@indiatimes.com,284-528-9667
193,Joletta,Josipovitz,84057 Doe Crossing Park,jjosipovitz5c@theglobeandmail.com,926-467-5415
194,Lyell,Deeprose,82339 Fair Oaks Park,ldeeprose5d@gizmodo.com,369-654-0350
195,Domini,Wahner,33845 Mandrake Plaza,dwahner5e@i2i.jp,183-273-9629
196,Benjamin,Keppel,4510 Fairfield Alley,bkeppel5f@dyndns.org,119-668-9567
197,Jacenta,Dranfield,9 Upham Circle,jdranfield5g@state.gov,267-281-9386
198,Mady,Spinige,2 Hoard Road,mspinige5h@sina.com.cn,872-790-3515
199,Binnie,Kaygill,8849 Manley Point,bkaygill5i@dion.ne.jp,290-694-4933
200,Jose,Goldingay,6 Bluestem Plaza,jgoldingay5j@ycombinator.com,447-994-6218
